metrica,mercado,p_actual,p_bayes,bayes_lo,bayes_hi,dif,discrepancia,cuota,p_implicita,cuota_justa_actual,cuota_justa_bayes,ev_actual,ev_bayes,veredicto
goles,1 (gana local),0.35793708643225797,0.4303694577001622,0.28543361989511706,0.5686287262331768,0.07243237126790425,True,2.3,0.4347826086956522,2.79,2.32,-0.17674470120580676,-0.01015024728962699,sin valor
goles,X (empate),0.23000725967562247,0.20520807408682862,0.1755686049037843,0.2468648821901142,-0.02479918558879385,False,3.7,0.27027027027027023,4.35,4.87,-0.14897313920019684,-0.2407301258787341,sin valor
goles,2 (gana visitante),0.4120556538921197,0.3644224682130093,0.23059682724038602,0.5087844132450087,-0.0476331856791104,False,2.85,0.3508771929824561,2.43,2.74,0.174358613592541,0.03860403440707638,valor: ambos
goles,Ambos anotan / suman,0.692159677869097,0.7345725973539272,0.6297268315796009,0.8376283428685175,0.04241291948483017,False,1.45,0.6896551724137931,1.44,1.36,0.0036315329101905824,0.0651302661631945,valor: ambos
goles,Over 2.5,0.68651840799518,0.753418101252806,0.6195421870280557,0.8717375387551777,0.0668996932576259,True,1.57,0.6369426751592356,1.46,1.33,0.07783390055243267,0.18286641896690536,valor: ambos
goles,Under 2.5,0.31348159200481995,0.246581898747194,0.1282624612448223,0.38045781297194403,-0.06689969325762596,True,2.4,0.4166666666666667,3.19,4.06,-0.24764417918843218,-0.4082034430067344,sin valor
goles,Over 3.5,0.47200881841161635,0.5624147803434196,0.3968889008744376,0.7289712983202763,0.09040596193180328,True,2.3,0.4347826086956522,2.12,1.78,0.08562028234671759,0.2935539947898651,valor: ambos
goles,Under 3.5,0.5279911815883837,0.43758521965658054,0.27102870167972365,0.6031110991255622,-0.09040596193180311,True,1.6,0.625,1.89,2.29,-0.15521410945858616,-0.2998636485494711,sin valor
goles,Over 4.5,0.28215827855301534,0.3741242046558181,0.2189132309538448,0.5520139772011085,0.09196592610280274,True,,,3.54,2.67,,,sin cuota
goles,Under 4.5,0.7178417214469848,0.6258757953441819,0.44798602279889155,0.7810867690461551,-0.09196592610280285,True,,,1.39,1.6,,,sin cuota
goles,Over 5.5,0.14773733241415257,0.2229530081037327,0.10510258502318771,0.37654424361593314,0.07521567568958012,True,,,6.77,4.49,,,sin cuota
goles,Under 5.5,0.8522626675858476,0.7770469918962675,0.6234557563840669,0.8948974149768122,-0.0752156756895801,True,,,1.17,1.29,,,sin cuota
goles_1t,1 (gana local),0.33169536915955605,0.34800957505777375,0.22338205540160808,0.49615356903843005,0.016314205898217693,False,,,3.01,2.87,,,sin cuota
goles_1t,X (empate),0.37101975853155744,0.3492064014766099,0.27233312027796625,0.43221595703334653,-0.021813357054947524,False,,,2.7,2.86,,,sin cuota
goles_1t,2 (gana visitante),0.2972848723088864,0.3027840234656165,0.18396094566004106,0.45307020183701663,0.005499151156730109,False,,,3.36,3.3,,,sin cuota
goles_1t,Ambos anotan / suman,0.29983669830124643,0.3187330318987995,0.2020043336382607,0.4508878542300751,0.01889633359755305,False,,,3.34,3.14,,,sin cuota
goles_1t,Over 0.5,0.7839271186196219,0.8027786251746322,0.6962582230323321,0.8962943961993423,0.018851506555010222,False,1.28,0.78125,1.28,1.25,0.0034267118331161583,0.027556640223529216,valor: ambos
goles_1t,Under 0.5,0.21607288138037797,0.197221374825368,0.10370560380065774,0.303741776967668,-0.018851506555009973,False,3.5,0.2857142857142857,4.63,5.07,-0.24374491516867713,-0.30972518811121197,sin valor
goles_1t,Over 1.5,0.4691410891735199,0.5013407800279618,0.3421110284972491,0.6713528743849912,0.03219969085444191,False,2.05,0.48780487804878053,2.13,1.99,-0.038260767194284284,0.027748599057321632,valor solo bayes
goles_1t,Under 1.5,0.5308589108264801,0.49865921997203844,0.3286471256150086,0.6578889715027507,-0.03219969085444163,False,1.75,0.5714285714285714,1.88,2.01,-0.07099690605365994,-0.1273463650489327,sin valor
goles_1t,Over 2.5,0.20690632992441213,0.2432068737219532,0.12202388579884396,0.3979475218919555,0.03630054379754108,False,,,4.83,4.11,,,sin cuota
goles_1t,Under 2.5,0.7930936700755878,0.756793126278047,0.6020524781080443,0.877976114201156,-0.036300543797540885,False,,,1.26,1.32,,,sin cuota
goles_1t,Over 3.5,0.07368255310320358,0.09792585346796445,0.034375092703743476,0.19606470908543958,0.02424330036476087,False,,,13.57,10.21,,,sin cuota
goles_1t,Under 3.5,0.9263174468967963,0.9020741465320358,0.8039352909145603,0.9656249072962564,-0.024243300364760523,False,,,1.08,1.11,,,sin cuota
goles_2t,1 (gana local),0.29653178697162413,0.3783049959360582,0.25833690721286745,0.4824562862321298,0.08177320896443407,True,,,3.37,2.64,,,sin cuota
goles_2t,X (empate),0.30858307081587744,0.32914653785023423,0.27065279857031915,0.38468541947931256,0.020563467034356797,False,,,3.24,3.04,,,sin cuota
goles_2t,2 (gana visitante),0.3948851422124983,0.29254846621370756,0.2014628226134344,0.4283005023277204,-0.10233667599879076,True,,,2.53,3.42,,,sin cuota
goles_2t,Ambos anotan / suman,0.3914062268154502,0.3414107640133592,0.24090072344493146,0.47003088853177355,-0.049995462802090995,False,,,2.55,2.93,,,sin cuota
goles_2t,Over 0.5,0.861784599394031,0.8265021472994171,0.7475396703841308,0.9088492189386369,-0.03528245209461389,False,,,1.16,1.21,,,sin cuota
goles_2t,Under 0.5,0.13821540060596904,0.17349785270058293,0.09115078106136297,0.2524603296158692,0.03528245209461389,False,,,7.24,5.76,,,sin cuota
goles_2t,Over 1.5,0.5882639871345888,0.529999331745295,0.4000278660659671,0.6905218246970573,-0.05826465538929382,True,1.55,0.6451612903225806,1.7,1.89,-0.08819081994138733,-0.1785010357947927,sin valor
goles_2t,Under 1.5,0.41173601286541106,0.47000066825470477,0.3094781753029428,0.5999721339340329,0.05826465538929371,True,2.4,0.4166666666666667,2.43,2.13,-0.011833569123013477,0.12800160381129144,valor solo bayes
goles_2t,Over 2.5,0.3176229261429055,0.2697427388203658,0.1608525863958066,0.42904739074893083,-0.04788018732253968,False,,,3.15,3.71,,,sin cuota
goles_2t,Under 2.5,0.6823770738570943,0.7302572611796343,0.570952609251069,0.8391474136041934,0.04788018732253996,False,,,1.47,1.37,,,sin cuota
goles_2t,Over 3.5,0.13909504290065436,0.11318100986128582,0.05111078906545769,0.2202802532000724,-0.02591403303936854,False,,,7.19,8.84,,,sin cuota
goles_2t,Under 3.5,0.8609049570993456,0.8868189901387141,0.7797197467999274,0.9488892109345423,0.025914033039368567,False,,,1.16,1.13,,,sin cuota
tiros,1 (gana local),0.17255555480580057,0.5207450711883086,0.3083040899307225,0.7032954692237013,0.34818951638250806,True,,,5.8,1.92,,,sin cuota
tiros,X (empate),0.05152029433504703,0.07023057523526148,0.05991266336075276,0.07758891679995528,0.018710280900214447,False,,,19.41,14.24,,,sin cuota
tiros,2 (gana visitante),0.7759241508591525,0.4090243535764299,0.23325170102251822,0.6237469095055652,-0.36689979728272254,True,,,1.29,2.44,,,sin cuota
tiros,Ambos anotan / suman,0.9999963165433319,0.9999976546833881,0.9999924541142605,0.9999997124786625,1.3381400562062495e-06,False,,,1.0,1.0,,,sin cuota
tiros,Over 28.5,0.5731651597664559,0.5177044745002883,0.28425229013305153,0.7283651601754811,-0.05546068526616754,True,,,1.74,1.93,,,sin cuota
tiros,Under 28.5,0.4268348402335441,0.4822955254997115,0.271634839824519,0.7157477098669484,0.055460685266167375,True,,,2.34,2.07,,,sin cuota
tiros,Over 29.5,0.49984612598467937,0.4479955305777101,0.22378713970973857,0.6647400990021621,-0.05185059540696929,True,,,2.0,2.23,,,sin cuota
tiros,Under 29.5,0.5001538740153206,0.5520044694222898,0.3352599009978379,0.7762128602902613,0.051850595406969124,True,,,2.0,1.81,,,sin cuota
tiros,Over 30.5,0.4273444595308618,0.3806885998929185,0.17193943848501503,0.5967816999498169,-0.04665585963794333,False,,,2.34,2.63,,,sin cuota
tiros,Under 30.5,0.5726555404691382,0.6193114001070815,0.40321830005018316,0.8280605615149849,0.046655859637943276,False,,,1.75,1.61,,,sin cuota
tiros,Over 31.5,0.35796373900315676,0.31755990410082596,0.12891515227899164,0.5265363412402881,-0.04040383490233079,False,,,2.79,3.15,,,sin cuota
tiros,Under 31.5,0.6420362609968433,0.6824400958991739,0.4734636587597119,0.8710848477210084,0.04040383490233057,False,,,1.56,1.47,,,sin cuota
tiros_a_puerta,1 (gana local),0.6241770547321661,0.6382140736040008,0.4600133270628095,0.7964145636326654,0.014037018871834728,False,,,1.6,1.57,,,sin cuota
tiros_a_puerta,X (empate),0.11151332857403615,0.09824363170833111,0.0696561851961832,0.11985423494813534,-0.013269696865705033,False,,,8.97,10.18,,,sin cuota
tiros_a_puerta,2 (gana visitante),0.26430961669379766,0.2635422946876681,0.1299263683279842,0.4251498946052121,-0.000767322006129556,False,,,3.78,3.79,,,sin cuota
tiros_a_puerta,Ambos anotan / suman,0.9869647558508347,0.9931896438194097,0.9835720300244835,0.9974994297253545,0.00622488796857501,False,,,1.01,1.01,,,sin cuota
tiros_a_puerta,Over 9.5,0.6148829435321791,0.7879375597390109,0.5982540212374983,0.8988777315616051,0.17305461620683182,True,,,1.63,1.27,,,sin cuota
tiros_a_puerta,Under 9.5,0.38511705646782085,0.2120624402609891,0.10112226843839486,0.40174597876250173,-0.17305461620683174,True,,,2.6,4.72,,,sin cuota
tiros_a_puerta,Over 10.5,0.49193773439711447,0.6943452964835566,0.4744240659750264,0.83593998291513,0.20240756208644212,True,,,2.03,1.44,,,sin cuota
tiros_a_puerta,Under 10.5,0.5080622656028855,0.3056547035164435,0.16406001708486975,0.5255759340249736,-0.20240756208644195,True,,,1.97,3.27,,,sin cuota
tiros_a_puerta,Over 11.5,0.3734307933724262,0.5896338720956243,0.35666168210741706,0.7547775099471694,0.21620307872319816,True,,,2.68,1.7,,,sin cuota
tiros_a_puerta,Under 11.5,0.6265692066275739,0.41036612790437577,0.24522249005283045,0.6433383178925829,-0.2162030787231981,True,,,1.6,2.44,,,sin cuota
tiros_a_puerta,Over 12.5,0.2687209752970106,0.4814317521620929,0.25400223968214153,0.6588344305749768,0.21271077686508227,True,,,3.72,2.08,,,sin cuota
tiros_a_puerta,Under 12.5,0.7312790247029893,0.5185682478379071,0.34116556942502296,0.7459977603178585,-0.21271077686508222,True,,,1.37,1.93,,,sin cuota
corners,1 (gana local),0.40100943478326534,0.6066352012032894,0.4545701993555231,0.7771333987778658,0.20562576642002406,True,,,2.49,1.65,,,sin cuota
corners,X (empate),0.12863179012253545,0.10495258838498617,0.07640569667702692,0.12069007689393679,-0.023679201737549282,False,,,7.77,9.53,,,sin cuota
corners,2 (gana visitante),0.4703587750941992,0.2884122104117245,0.14646090454510735,0.4249255611499488,-0.18194656468247472,True,,,2.13,3.47,,,sin cuota
corners,Ambos anotan / suman,0.9850879015568428,0.9917619421365954,0.9841403370144118,0.9965195184490174,0.006674040579752627,False,,,1.02,1.01,,,sin cuota
corners,Over 8.5,0.6452808666261967,0.8241737534349702,0.7038272986212777,0.9264746851661351,0.17889288680877358,True,,,1.55,1.21,,,sin cuota
corners,Under 8.5,0.3547191333738035,0.1758262465650297,0.07352531483386471,0.2961727013787222,-0.1788928868087738,True,,,2.82,5.69,,,sin cuota
corners,Over 9.5,0.5179712173682114,0.733870239300749,0.5834687889278106,0.8729854935656318,0.21589902193253763,True,1.85,0.5405405405405405,1.93,1.36,-0.04175324786880885,0.3576599427063858,valor solo bayes
corners,Under 9.5,0.4820287826317887,0.26612976069925104,0.1270145064343681,0.4165312110721892,-0.21589902193253768,True,1.95,0.5128205128205129,2.07,3.76,-0.06004387386801202,-0.4810469666364605,sin valor
corners,Over 10.5,0.3930918532547979,0.6288016813768567,0.45905359751208946,0.7999700797997352,0.23570982812205876,True,,,2.54,1.59,,,sin cuota
corners,Under 10.5,0.6069081467452022,0.37119831862314345,0.2000299202002647,0.5409464024879105,-0.23570982812205876,True,,,1.65,2.69,,,sin cuota
corners,Over 11.5,0.28173233321652924,0.5169403255379348,0.34213635581640084,0.709361261522417,0.23520799232140555,True,,,3.55,1.93,,,sin cuota
corners,Under 11.5,0.7182676667834709,0.48305967446206516,0.290638738477583,0.6578636441835992,-0.2352079923214057,True,,,1.39,2.07,,,sin cuota
faltas,1 (gana local),0.3701021139821319,0.38137351723491375,0.22794979105338892,0.5589848806978246,0.011271403252781864,False,,,2.7,2.62,,,sin cuota
faltas,X (empate),0.09312906875734128,0.08375144346920937,0.0708900467355425,0.09164657209035494,-0.009377625288131908,False,,,10.74,11.94,,,sin cuota
faltas,2 (gana visitante),0.5367688172605269,0.5348750392958768,0.3552340763651056,0.7002792866359754,-0.0018937779646501784,False,,,1.86,1.87,,,sin cuota
faltas,Ambos anotan / suman,0.9997028908179165,0.9999028251528963,0.9997707656879481,0.9999682721216555,0.00019993433497977886,False,,,1.0,1.0,,,sin cuota
faltas,Over 16.5,0.6091222766248784,0.8149606420800317,0.6749753392452218,0.9128030988906155,0.20583836545515333,True,,,1.64,1.23,,,sin cuota
faltas,Under 16.5,0.3908777233751216,0.18503935791996826,0.0871969011093844,0.32502466075477787,-0.20583836545515335,True,,,2.56,5.4,,,sin cuota
faltas,Over 17.5,0.5146767505016889,0.7485081753244507,0.5851750632216242,0.8703272987497844,0.23383142482276176,True,,,1.94,1.34,,,sin cuota
faltas,Under 17.5,0.4853232494983112,0.25149182467554926,0.12967270125021552,0.4148249367783755,-0.23383142482276192,True,,,2.06,3.98,,,sin cuota
faltas,Over 18.5,0.4211617014011746,0.6728280586240708,0.49245063625973706,0.8164444471100915,0.2516663572228962,True,,,2.37,1.49,,,sin cuota
faltas,Under 18.5,0.5788382985988254,0.32717194137592914,0.18355555288990855,0.5075493637402626,-0.25166635722289626,True,,,1.73,3.06,,,sin cuota
faltas,Over 19.5,0.3334413169579604,0.5908870417585752,0.4017457174318673,0.7516886379461432,0.2574457248006148,True,,,3.0,1.69,,,sin cuota
faltas,Under 19.5,0.6665586830420397,0.4091129582414247,0.24831136205385668,0.5982542825681324,-0.257445724800615,True,,,1.5,2.44,,,sin cuota
amarillas,1 (gana local),0.402672294515918,0.36427356905338326,0.28194452207278603,0.47377647670782325,-0.038398725462534755,False,,,2.48,2.75,,,sin cuota
amarillas,X (empate),0.21895010563928313,0.20125401462017728,0.18568026999906295,0.2178354963494706,-0.017696091019105853,False,,,4.57,4.97,,,sin cuota
amarillas,2 (gana visitante),0.37837759984479885,0.4344724163264393,0.32290373082367413,0.5270355781473562,0.05609481648164044,True,,,2.64,2.3,,,sin cuota
amarillas,Ambos anotan / suman,0.6978234242868742,0.7554913087251136,0.6914258966961814,0.813435690309409,0.05766788443823945,True,,,1.43,1.32,,,sin cuota
amarillas,Over 2.5,0.6988508993481022,0.7761934942109855,0.6985674396518918,0.8466511632652631,0.07734259486288331,True,,,1.43,1.29,,,sin cuota
amarillas,Under 2.5,0.3011491006518977,0.22380650578901448,0.15334883673473693,0.30143256034810806,-0.07734259486288322,True,,,3.32,4.47,,,sin cuota
amarillas,Over 3.5,0.48670261235472706,0.5890467313207519,0.4863621744189193,0.6886702945277539,0.10234411896602486,True,,,2.05,1.7,,,sin cuota
amarillas,Under 3.5,0.513297387645273,0.41095326867924814,0.3113297054722461,0.5136378255810806,-0.10234411896602486,True,,,1.95,2.43,,,sin cuota
amarillas,Over 4.5,0.2952890061110142,0.3971932280297481,0.294982280212531,0.5034491175105914,0.10190422191873388,True,1.8,0.5555555555555556,3.39,2.52,-0.4684797890001744,-0.2850521895464534,sin valor
amarillas,Under 4.5,0.7047109938889857,0.6028067719702519,0.4965508824894086,0.7050177197874689,-0.10190422191873383,True,2.0,0.5,1.42,1.66,0.40942198777797145,0.2056135439405038,valor: ambos
amarillas,Over 5.5,0.1571246337298514,0.23858585936069035,0.1569034396464967,0.32972228296348643,0.08146122563083896,True,,,6.36,4.19,,,sin cuota
amarillas,Under 5.5,0.8428753662701486,0.7614141406393096,0.6702777170365135,0.8430965603535032,-0.08146122563083902,True,,,1.19,1.31,,,sin cuota
rojas,1 (gana local),0.2823504110804799,0.11327826561333204,0.059443334325343634,0.1778120371451842,-0.16907214546714788,True,,,3.54,8.83,,,sin cuota
rojas,X (empate),0.6504059451049933,0.7956807688260065,0.7353992890404931,0.8596248932163613,0.1452748237210132,True,,,1.54,1.26,,,sin cuota
rojas,2 (gana visitante),0.06724364381452688,0.09104096556066162,0.05130737071530926,0.13872799521438495,0.023797321746134734,False,,,14.87,10.98,,,sin cuota
rojas,Ambos anotan / suman,0.029226572246593467,0.013123332924705092,0.00528792222143832,0.021637628093176896,-0.016103239321888375,False,,,34.22,76.2,,,sin cuota
rojas,Over 0.5,0.37281592859741836,0.2158062017780848,0.14559031850875415,0.28396061071119527,-0.15700972681933356,True,,,2.68,4.63,,,sin cuota
rojas,Under 0.5,0.6271840714025817,0.7841937982219153,0.7160393892888045,0.8544096814912459,0.15700972681933356,True,,,1.59,1.28,,,sin cuota
rojas,Over 1.5,0.08019949458235022,0.026616218744635673,0.011154259093430796,0.044788129739068636,-0.05358327583771455,True,,,12.47,37.57,,,sin cuota
rojas,Under 1.5,0.9198005054176498,0.9733837812553644,0.9552118702609312,0.9888457409065693,0.053583275837714606,True,,,1.09,1.03,,,sin cuota
