liga,metrica,n_partidos,n_equipos,segundos,veredicto,motivos,rhat_max,ess_min,divergencias,bfmi_min,pct_prof_max,ppc_fuera,base,ventaja_local,sigma_ataque,sigma_defensa,rho
laliga,goles,431,23,11.9,OK,todo dentro de rango,1.0038719882496887,1600.7917032839828,0,0.8105533759306879,0.0,2,0.12581987198211683,0.3090268121399845,0.266446456769211,0.06202480315078674,-0.015625737551111737
laliga,goles_1t,431,23,10.1,OK,todo dentro de rango,1.0036561490494158,1143.1563850126963,0,0.7476747265821775,0.0,0,-0.6785245525459913,0.2691617115542939,0.303964334833659,0.09361551324092898,-0.02608755002043709
laliga,goles_2t,431,23,9.0,OK,todo dentro de rango,1.0016291411264342,1401.7296968213755,0,0.7829824705539249,0.0,0,-0.43951486353411917,0.31319971418010895,0.1551593636898161,0.07482552044159252,
laliga,tiros,431,23,11.8,OK,todo dentro de rango,1.0038333955059304,1597.8831599539103,0,0.6451386105166609,0.0,3,2.3829368693404933,0.2332076679331245,0.1682374744439838,0.1155052974865257,
laliga,tiros_a_puerta,431,23,12.3,OK,todo dentro de rango,1.0048614782828489,1416.3719335777241,0,0.6966529149221338,0.0,0,1.2973034727334385,0.2786234082100348,0.24540597079316584,0.05699125861492299,
laliga,corners,431,23,12.6,OK,todo dentro de rango,1.0034699603732036,1086.9374918880242,0,0.6707968720302623,0.0,4,1.4488847981057125,0.22293872452831448,0.17215310212277585,0.06442456016727295,
laliga,faltas,431,23,13.8,OK,todo dentro de rango,1.0042948769938862,1043.3272843660025,0,0.6608335884473011,0.0,0,2.5303179524461084,-0.024789133433681124,0.12426270578622382,0.0635782112964898,
laliga,amarillas,431,23,11.9,OK,todo dentro de rango,1.0032422048169412,1242.3181851119361,0,0.7687880601732127,0.0,1,0.828395425111335,-0.11836666978077903,0.09227855227300422,0.04184425778765494,
laliga,rojas,431,23,9.8,OK,todo dentro de rango,1.0056029234323438,1987.6448029995645,0,0.9538229576399117,0.0,0,-2.1905561996784755,0.14199789003748048,0.18381049976941624,0.1518073548764418,
premier,goles,420,23,14.8,OK,todo dentro de rango,1.005013127222003,994.8808890394174,0,0.7315654767728663,0.0,0,0.22108571875339156,0.1683896705627527,0.12352161891340964,0.10797207930592224,-0.05785413348612221
premier,goles_1t,420,23,13.3,OK,todo dentro de rango,1.0044279080494347,1085.023393877602,0,0.7833806735944256,0.0,0,-0.6780565263753098,0.29158621674437074,0.11377661373269245,0.1594991764156356,-0.0008414176066032235
premier,goles_2t,420,23,10.8,OK,todo dentro de rango,1.0046168334436596,2130.9803085395533,0,0.8967356987371548,0.0,0,-0.30333371658906255,0.06975339193206179,0.0958788572894201,0.07627998374232155,
premier,tiros,420,23,12.3,OK,todo dentro de rango,1.0049633675401988,1638.9312929942125,0,0.6763199734984832,0.0,2,2.4306244050790426,0.208469289033132,0.12685019445545276,0.11969357359086545,
premier,tiros_a_puerta,420,23,12.7,OK,todo dentro de rango,1.0041120290587882,756.8549783317188,0,0.6444287796932878,0.0,0,1.3726304704407821,0.1395870830083709,0.09300059282519207,0.10976920369617774,
premier,corners,420,23,12.2,OK,todo dentro de rango,1.0040682618288017,1380.6043356919654,0,0.5938862578321117,0.0,2,1.4845013540838594,0.1710425880092107,0.1357591019141456,0.056273429767319985,
premier,faltas,420,23,13.6,OK,todo dentro de rango,1.0072489423162319,858.1168485994225,0,0.6558906298006864,0.0,0,2.4120096789648584,-0.03100204243533608,0.034970394413732765,0.06146796682606874,
premier,amarillas,420,23,11.8,OK,todo dentro de rango,1.00348150334075,1939.822830737245,0,0.8729120969041625,0.0,2,0.7360871818899525,-0.21114378636374986,0.06408256732520377,0.061592018312473455,
premier,rojas,420,23,11.8,OK,todo dentro de rango,1.0032696444854812,2054.195633484274,0,0.9654071136308596,0.0,0,-3.0181859040838543,-0.019746658753851263,0.2352791259841323,0.2474453597522641,
seriea,goles,420,23,13.5,OK,todo dentro de rango,1.0032629177210524,1157.4716005752107,0,0.6346751930415675,0.0,1,0.18679641746135608,0.047566034750947325,0.28708975751574506,0.11946912142856739,0.04063247562963449
seriea,goles_1t,420,23,14.0,OK,todo dentro de rango,1.004923901867513,1189.9226561052712,0,0.7440566089080938,0.0,0,-0.6366463227125564,0.002180090343878521,0.21011386796613885,0.12465059713495205,0.01526307067403392
seriea,goles_2t,420,23,11.2,OK,todo dentro de rango,1.0049081371164925,1241.837771780691,0,0.6987493611176661,0.0,1,-0.38269438996336147,0.07908798254886339,0.25789506999577616,0.09083612835020193,
seriea,tiros,420,23,11.5,OK,todo dentro de rango,1.0048381306504175,1448.3405307844805,0,0.71483743894785,0.0,2,2.4277424223022055,0.2017304650937341,0.18020605908236467,0.17056700444349449,
seriea,tiros_a_puerta,420,23,11.0,OK,todo dentro de rango,1.0043738959780029,991.767862876419,0,0.5604902043293383,0.0,0,1.3588073989563354,0.13058542673576767,0.21581200818953755,0.1334397280543413,
seriea,corners,420,23,12.6,OK,todo dentro de rango,1.0088935334422062,627.8014286115056,0,0.5501331151555485,0.0,2,1.3540967778096746,0.23042335329899902,0.1578645319602449,0.16246276000896664,
seriea,faltas,420,23,13.2,OK,todo dentro de rango,1.00724017673139,1043.344359467479,0,0.6222024024717213,0.0,1,2.509347777134084,-0.03277802923255317,0.07187987187587071,0.10015308231224898,
seriea,amarillas,420,23,11.8,OK,todo dentro de rango,1.0050226079675326,1261.098302235507,0,0.8151869433625478,0.0,2,0.6116644786751622,-0.11648855247681539,0.05863688612899523,0.08146663874358391,
seriea,rojas,420,23,10.0,OK,todo dentro de rango,1.0035431603843596,1962.3218782591782,0,0.9025841818069859,0.0,1,-2.5659777842749545,-0.07204308020539067,0.21115282263857021,0.21398335553567502,
bundesliga,goles,333,21,12.9,OK,todo dentro de rango,1.0059764383681675,1344.1338031522932,0,0.735971897333375,0.0,0,0.3318388486281742,0.2585976255343877,0.2828274073862341,0.08056066861969784,-0.030223672225201826
bundesliga,goles_1t,333,21,12.2,OK,todo dentro de rango,1.0040879527237243,1010.8639027408784,0,0.7668017224664196,0.0,0,-0.5413458176139399,0.3119859973974245,0.2063892951256314,0.09242482263497484,0.055975444071320796
bundesliga,goles_2t,333,21,11.4,OK,todo dentro de rango,1.0039096693917902,981.1712077918714,0,0.7650976651913322,0.0,1,-0.16992247529534427,0.20409385901304541,0.2102257880464415,0.08332299073121593,
bundesliga,tiros,333,21,12.4,OK,todo dentro de rango,1.0045904956240983,1365.4463383766447,0,0.6427025116943007,0.0,2,2.500277589025317,0.22269101743655,0.14820910856739464,0.13083809253614323,
bundesliga,tiros_a_puerta,333,21,11.2,OK,todo dentro de rango,1.0044751030807861,1126.3806563472833,0,0.6820435711624737,0.0,0,1.428785733487157,0.27694846351610974,0.20147862768839514,0.09818785082559554,
bundesliga,corners,333,21,11.8,OK,todo dentro de rango,1.00591496367341,1062.19888417228,0,0.6414975383738263,0.0,3,1.4806553727298697,0.2585507864282714,0.12905492605080848,0.17988400303033222,
bundesliga,faltas,333,21,12.5,OK,todo dentro de rango,1.0038021046714691,1160.1902443161393,0,0.6055028502624769,0.0,0,2.343382021395756,-0.02747438357265086,0.11181159726924744,0.08371116396330854,
bundesliga,amarillas,333,21,11.1,OK,todo dentro de rango,1.005099524230059,1881.7927493985958,0,0.8770267446240747,0.0,1,0.5978551079860844,-0.034477473465405285,0.05681947907056749,0.06895678929328893,
bundesliga,rojas,333,21,10.1,OK,todo dentro de rango,1.0027408087881078,1792.0056504131364,0,0.9321715636266263,0.0,0,-2.645894473879445,-0.06754382138005499,0.21709968702926,0.2173435477937623,
ligue1,goles,342,20,13.4,OK,todo dentro de rango,1.0041583486135612,1190.8502206151509,0,0.7272783022642337,0.0,0,0.23766595333065957,0.1401194525173889,0.18235932649937103,0.08197623073164804,-0.026620490004045528
ligue1,goles_1t,342,20,12.1,OK,todo dentro de rango,1.0026691035282744,1797.681203314636,0,0.894289333611155,0.0,0,-0.5363181139983005,0.06892506121066952,0.11242585951255464,0.10602819002174683,-0.013737588502213363
ligue1,goles_2t,342,20,11.7,OK,todo dentro de rango,1.003281035322965,1250.6925827068878,0,0.8189521298358134,0.0,0,-0.36904280490376573,0.17954051955028394,0.16520152444810768,0.08709605946034836,
ligue1,tiros,342,20,12.4,OK,todo dentro de rango,1.003815592897523,1549.6515180464853,0,0.690527274500695,0.0,2,2.4354982250908344,0.21035697383637297,0.1478411247594207,0.11575758806884755,
ligue1,tiros_a_puerta,342,20,11.7,OK,todo dentro de rango,1.0066817889721777,1122.1712059091883,0,0.674473498631272,0.0,1,1.381347967611562,0.18163504853920973,0.17803215575878698,0.09434076541276733,
ligue1,corners,342,20,12.3,OK,todo dentro de rango,1.0046599098254363,1027.7871949388082,0,0.6248861373240229,0.0,4,1.4437633428439602,0.21321665668170506,0.14094626489958018,0.150964701910472,
ligue1,faltas,342,20,12.4,OK,todo dentro de rango,1.0038683506098252,1260.3301492264113,0,0.6514476181233404,0.0,0,2.471822650525808,-0.013559921775597391,0.12561644285312584,0.0735758081619307,
ligue1,amarillas,342,20,12.9,REVISAR,1 divergencias: subir target_accept a 0.95,1.0031691232927669,1537.0464461407087,1,0.8922823466806041,0.0,1,0.5910727286220915,-0.09467685936252573,0.06589039601445686,0.07098181058895779,
ligue1,rojas,342,20,9.4,OK,todo dentro de rango,1.0035730646186731,2108.5483057103497,0,0.9118425354261481,0.0,0,-2.339797931428256,-0.06440008404934007,0.1861251956534793,0.17763565420873725,
ligamx,goles,236,19,13.3,OK,todo dentro de rango,1.0090952532700725,1174.6302378263642,0,0.7805962040019464,0.0,0,0.1953512025684086,0.23093867419312436,0.10074397802535477,0.13102824473213204,-0.0493562539928177
ligamx,goles_1t,236,19,14.5,OK,todo dentro de rango,1.0028550198448172,1910.1611613764017,0,0.9089358404280502,0.0,0,-0.6321438789701694,0.24566733935387908,0.10967760145325191,0.1149133474410562,-0.049625160179772816
ligamx,goles_2t,236,19,10.4,OK,todo dentro de rango,1.0053300428121703,1599.8817884166112,0,0.7988615130207234,0.0,0,-0.37733836620749894,0.21026660358706392,0.09853028279138759,0.1336560030353611,
ligamx,tiros,236,19,12.0,OK,todo dentro de rango,1.0029166953123139,1612.905134433585,0,0.7152468120740395,0.0,3,2.5365294891635233,0.20483949054681277,0.1479671731055503,0.13484099203402397,
ligamx,tiros_a_puerta,236,19,11.1,OK,todo dentro de rango,1.0074353753451617,1021.1092371554887,0,0.6691295358980209,0.0,0,1.4141287535277316,0.1933034975063295,0.1929995782682562,0.08831432927401786,
ligamx,corners,236,19,11.7,OK,todo dentro de rango,1.0037522629101159,1460.1616452299536,0,0.6642440032857733,0.0,3,1.5042375637542822,0.1889826954830182,0.16102924799998664,0.137017843383138,
ligamx,faltas,236,19,12.8,OK,todo dentro de rango,1.0027507302768635,1094.3591393507518,0,0.695100624495931,0.0,0,2.4694407313171833,0.05817525749242642,0.048413743166345086,0.05345341043796569,
ligamx,amarillas,236,19,11.3,OK,todo dentro de rango,1.0078060937263258,1443.9241512528065,0,0.790910071671036,0.0,0,0.6809100081422487,0.016823334935858344,0.08725528625167242,0.07977492347658093,
ligamx,rojas,236,19,11.2,OK,todo dentro de rango,1.0024887136078595,1871.0030451389032,0,0.8942451592929356,0.0,0,-1.1215785869526307,-0.17376653284636265,0.15363567280433663,0.12226207581674126,
